schoolID,name_full,city,state,country
abilchrist,Abilene Christian University,Abilene,TX,USA
adelphi,Adelphi University,Garden City,NY,USA
adrianmi,Adrian College,Adrian,MI,USA
alabamaam,Alabama A&M University,Normal,AL,USA
alabamast,Alabama State University,Montgomery,AL,USA
albanyst,Albany State University,Albany,GA,USA
albertsnid,Albertson College,Caldwell,ID,USA
albionmi,Albion College,Albion,MI,USA
albrightpa,Albright College,Reading,PA,USA
alcornst,Alcorn State University,Lorman,MS,USA
caallan,Allan Hancock College,Santa Maria,CA,USA
allegheny,Allegheny College,Meadville,PA,USA
almami,Alma College,Alma,MI,USA
alverniapa,Alvernia College,Reading,PA,USA
txalvin,Alvin Community College,Alvin,TX,USA
amerintl,American International University,Springfield,MA,USA
caameri,American River College,Sacramento,CA,USA
american,American University,Washington,DC,USA
amherstma,Amherst College,Amherst,MA,USA
andersonsc,Anderson College,Anderson,SC,USA
inander,Anderson University,Anderson,IN,USA
txangjc,Angelina College,Lufkin,TX,USA
txangel,Angelo State University,San Angelo,TX,USA
mdaacco,Anne Arundel Community College,Arnold,MD,USA
caantel,Antelope Valley College,Lancaster,CA,USA
appalst,Appalachian State University,Boone,NC,USA
aquinasmi,Aquinas College,Grand Rapids,MI,USA
arizonast,Arizona State University,Tempe,AZ,USA
azweste,Arizona Western College,Yuma,AZ,USA
arkansasst,Arkansas State University,Jonesboro,AR,USA
arktech,Arkansas Tech University,Russellville,AR,USA
armstratl,Armstrong Atlantic State University,Savannah,GA,USA
ashland,Ashland University,Ashland,OH,USA
maassum,Assumption College,Worcester,MA,USA
athensst,Athens State University,Athens,AL,USA
auburn,Auburn University,Auburn,AL,USA
auburnmont,Auburn University at Montgomery,Montgomery,AL,USA
augsburgmn,Augsburg College,Minneapolis,MN,USA
ilaugus,Augustana College,Rock Island,IL,USA
austincol,Austin College,Sherman,TX,USA
txausti,Austin Community College,Austin,TX,USA
austinpeay,Austin Peay State University,Clarksville,TN,USA
azusapac,Azusa Pacific University,Azusa,CA,USA
baconeok,Bacone College,Muskogee,OK,USA
bakerks,Baker University,Baldwin City,KS,USA
cabakjc,Bakersfield College,Bakersfield,CA,USA
baldwalloh,Baldwin-Wallace College,Berea,OH,USA
ballst,Ball State University,Muncie,IN,USA
mdbalcc,Baltimore City Community College,Baltimore,MD,USA
flbarry,Barry University,Miami Shores,FL,USA
cabarst,Barstow Community College,Barstow,CA,USA
bartonnc,Barton College,Wilson,NC,USA
ksbarto,Barton County Community College,Great Bend,KS,USA
batesme,Bates College,Lewiston,ME,USA
baylor,Baylor University,Waco,TX,USA
kybella,Bellarmine College,Louisville,KY,USA
wabelle,Bellevue Community College,Bellevue,WA,USA
nebellevue,Bellevue University,Bellevue,NE,USA
belmontab,Belmont Abbey College,Belmont,NC,USA
belmont,Belmont University,Nashville,TN,USA
beloitwi,Beloit College,Beloit,WI,USA
mnbemid,Bemidji State University,Bemidji,MN,USA
benedctnks,Benedictine College,Atchison,KS,USA
dcbenfr,Benjamin Franklin University,Washington,DC,USA
njberge,Bergen Community College,Paramus,NJ,USA
baruchcuny,Bernard M Baruch College,New York,NY,USA
gaberry,Berry College,Mount Berry,GA,USA
bethanywv,Bethany College,Bethany,WV,USA
betheltn,Bethel College,McKenzie,TN,USA
inbethel,Bethel College,Mishawaka,IN,USA
bethcook,Bethune-Cookman College,Daytona Beach,FL,USA
albevil,Bevill State Community College,Sumiton,AL,USA
biolaca,Biola University,La Mirada,CA,USA
birmsouth,Birmingham-Southern College,Birmingham,AL,USA
blackbrnil,Blackburn College,Carlinville,IL,USA
txblinn,Blinn College,Brenham,TX,USA
bloomsburg,Bloomsburg University of Pennsylvania,Bloomsburg,PA,USA
orbluem,Blue Mountain Community College,Pendleton,OR,USA
bluefield,Bluefield College,Bluefield,VA,USA
boisest,Boise State University,Boise,ID,USA
njborde,Bordentown Military Institute,Bordentown,NJ,USA
labossi,Bossier Parish Community College,Bossier City,LA,USA
bostoncoll,Boston College,Chestnut Hill,MA,USA
bostonuniv,Boston University,Boston,MA,USA
bowdoinme,Bowdoin College,Brunswick,ME,USA
bowlgreen,Bowling Green State University,Bowling Green,OH,USA
bradley,Bradley University,Peoria,IL,USA
brandeisma,Brandeis University,Waltham,MA,USA
debrand,Brandywine Junior College,Wilmington,DE,USA
ncbreva,Brevard College,Brevard,NC,USA
flbreva,Brevard Community College,Cocoa,FL,USA
brewparker,Brewton-Parker College,Mount Vernon,GA,USA
brdgwatrva,Bridgewater College,Bridgewater,VA,USA
bridgwtrst,Bridgewater State College,Bridgewater,MA,USA
byu,Brigham Young University,Provo,UT,USA
idbyuid,Brigham Young University-Idaho,Rexburg,ID,USA
njbrook,Brookdale Community College,Lincroft,NJ,USA
brklyncuny,Brooklyn College - The City University of New York,Brooklyn,NY,USA
flbrowa,Broward Community College,Fort Lauderdale,FL,USA
brown,Brown University,Providence,RI,USA
bryant,Bryant College,Smithfield,RI,USA
bucknell,Bucknell University,Lewisburg,PA,USA
pabucks,Bucks County Community College,Lewisburg,PA,USA
buenavista,Buena Vista University,Storm Lake,IA,USA
buffalost,Buffalo State College,Buffalo,NY,USA
njburli,Burlington County College,Pemberton,NJ,USA
txburne,Burnetta College,Venus,TX,USA
pabutle,Butler County Community College,Butler,PA,USA
ksbutle,Butler County Community College,El Dorado,KS,USA
butler,Butler University,Indianapolis,IN,USA
cabutte,Butte College,Oroville,CA,USA
cacabri,Cabrillo College,Aptos,CA,USA
alcalho,Calhoun Community College,Decatur,AL,USA
calutheran,California Lutheran University,Thousand Oaks,CA,USA
calpolypom,California Polytechnic State University - Pomona,Pomona,CA,USA
calpoly,California Polytechnic State University - San Luis Obispo,San Luis Obispo,CA,USA
chicost,California State University Chico,Chico,CA,USA
csdomhills,California State University Dominguez Hills,Carson,CA,USA
cshayward,California State University East Bay,Hayward,CA,USA
fresnost,California State University Fresno,Fresno,CA,USA
calstfull,California State University Fullerton,Fullerton,CA,USA
longbeach,California State University Long Beach,Long Beach,CA,USA
calstla,California State University Los Angeles,Los Angeles,CA,USA
calstnorth,California State University Northridge,Los Angeles,CA,USA
sacstate,California State University Sacramento,Sacramento,CA,USA
casanbe,California State University San Bernardino,San Bernardino,CA,USA
csstanisl,California State University Stanislaus,Turlock,CA,USA
calipa,California University of Pennsylvania,California,PA,USA
njcamde,Camden County College,Blackwood,NJ,USA
cameronok,Cameron University,Lawton,OK,USA
campbell,Campbell University,Buies Creek,NC,USA
cacanad,Canada College,Redwood City,CA,USA
canisius,Canisius College,Buffalo,NY,USA
incante,Canterbury College,Danville,IN,USA
ohcapit,Capital University,Bexley,OH,USA
crdstritch,Cardinal Stritch University,Milwaukee,WI,USA
pacarli,Carlisle Indian Industrial School,Carlisle,PA,USA
crngmellon,Carnegie Mellon University,Pittsburgh,PA,USA
wicarro,Carroll College,Waukesha,WI,USA
carsnewm,Carson-Newman College,Jefferson City,TN,USA
carthagewi,Carthage College,Kenosha,WI,USA
ohcaset,Case Institute of Applied Sciences,Cleveland,OH,USA
casewestrn,Case Western Reserve University,Cleveland,OH,USA
catawba,Catawba College,Salisbury,NC,USA
catholic,Catholic University of America,Washington,DC,USA
mdcecil,Cecil Community College,North East,MD,USA
njcente,Centenary College,Hackettstown,NJ,USA
centenary,Centenary College of Louisiana,Shreveport,LA,USA
azcentr,Central Arizona College,Coolidge,AZ,USA
cconnst,Central Connecticut State University,New Britain,CT,USA
flcentr,Central Florida Community College,Ocala,FL,USA
cmichigan,Central Michigan University,Mount Pleasant,MI,USA
centralst,Central State University,Wilberforce,OH,USA
cwashngton,Central Washington University,Ellensburg,WA,USA
wacentr,Centralia College,Centralia,WA,USA
centreky,Centre College,Danville,KY,USA
cacerri,Cerritos College,Norwalk,CA,USA
cachabo,Chabot College,Hayward,CA,USA
cachaff,Chaffey College,Rancho Cucamonga,CA,USA
azchand,Chandler-Gilbert Community College,Chandler,AZ,USA
chapmanca,Chapman University,Orange,CA,USA
charlsouth,Charleston Southern University,Charleston,SC,USA
alchatt,Chattahoochee Valley Community College,Phenix City,AL,USA
tnchatt,Chattanooga State Technical Community College,Chattanooga,TN,USA
orcheme,Chemeketa Community College,Salem,OR,USA
pacheyn,Cheyney University,Cheyney,PA,USA
chicagost,Chicago State University,Chicago,IL,USA
flchipo,Chipola College,Marianna,FL,USA
ncchowa,Chowan College,Murfreesboro,NC,USA
tnchris,Christian Brothers University,Memphis,TN,USA
cacitru,Citrus College,Glendora,CA,USA
casfcco,City College of San Francisco,San Francisco,CA,USA
clrmuddscr,Claremont McKenna College,Claremont,CA,USA
txclare,Clarendon College,Clarendon,TX,USA
clarion,Clarion University of Pennsylvania,Clarion,PA,USA
waclark,Clark College,Vancouver,WA,USA
clarksonny,Clarkson University,Potsdam,NY,USA
clemson,Clemson University,Clemson,SC,USA
tncleve,Cleveland State Community College,Cleveland,TN,USA
clevst,Cleveland State University,Cleveland,OH,USA
kscloud,Cloud County Community College,Concordia,KS,USA
txcoast,Coastal Bend College,Beeville,TX,USA
coastcar,Coastal Carolina University,Conway,SC,USA
gacoast,Coastal Georgia Community College,Brunswick,GA,USA
azcochi,Cochise Community College,Douglas,AZ,USA
colbyme,Colby College,Waterville,ME,USA
colgate,Colgate University,Hamilton,NY,USA
charleston,College of Charleston,Charleston,SC,USA
ildupag,College of DuPage,Glen Ellyn,IL,USA
eutah,College of Eastern Utah,Price,UT,USA
camarin,College of Marin,Kentfield,CA,USA
cacsmat,College of San Mateo,San Mateo,CA,USA
idcosid,College of Southern Idaho,Twin Falls,ID,USA
mdcolsm,College of Southern Maryland,La Plata,MD,USA
nvsouth,College of Southern Nevada,Henderson,NV,USA
strose,College of St. Rose,Albany,NY,USA
cacanyo,College of the Canyons,Santa Clarita,CA,USA
holycross,College of the Holy Cross,Worcester,MA,USA
caredwo,College of the Redwoods,Eureka,CA,USA
casequo,College of the Sequoias,Visalia,CA,USA
casiski,College of the Siskiyous,Weed,CA,USA
nmsouth,College of the Southwest,Hobbs,NM,USA
willmary,College of William and Mary,Williamsburg,VA,USA
woosteroh,College of Wooster,Wooster,OH,USA
txcolli,Collin College,Dallas,TX,USA
colocollege,Colorado College,Colorado Springs,CO,USA
comines,Colorado School of Mines,Golden,CO,USA
coloradost,Colorado State University,Fort Collins,CO,USA
costpue,Colorado State University-Pueblo,Pueblo,CO,USA
wacolum,Columbia Basin College,Pasco,WA,USA
tncolum,Columbia State Community College,Columbia,TN,USA
columbia,Columbia University,New York,NY,USA
gacolum,Columbus State University,Columbus,GA,USA
paalleb,Community College of Allegheny County - Boyce Campus,Monroeville,PA,USA
paalles,Community College of Allegheny County - South Campus,West Mifflin,PA,USA
mdccbcc,Community College of Baltimore County - Catonsville Campus,Catonsville,MD,USA
mdccbce,Community College of Baltimore County - Essex Campus,Essex,MD,USA
pabeave,Community College of Beaver County,Monaca,PA,USA
paccphi,Community College of Philadelphia,Philadelphia,PA,USA
ccri,Community College of Rhode Island,Warwick,RI,USA
cacompt,Compton Community College,Compton,CA,USA
concordny,Concordia College-Bronxville,Bronxville,NY,USA
cncrdiacol,Concordia College-Moorhead,Moorhead,MN,USA
moconco,Concordia Seminary-St. Louis,St. Louis,MO,USA
inconco,Concordia Theological Seminary,Fort Wayne,IN,USA
concrdiatx,Concordia University at Austin,Austin,TX,USA
concrdiamn,Concordia University-St. Paul,St. Paul,MN,USA
okconno,Connors State College,Warner,OK,USA
cacontr,Contra Costa College,San Pablo,CA,USA
mscopia,Copiah-Lincoln Community College,Wesson,MS,USA
orcorba,Corban College,Salem,OR,USA
cornellia,Cornell College,Mount Vernon,IA,USA
cornell,Cornell University,Ithaca,NY,USA
cacosum,Cosumnes River College,Sacramento,CA,USA
njccmor,County College of Morris,Randolph,NJ,USA
kscowle,Cowley County Community College,Arkansas City,KS,USA
creighton,Creighton University,Omaha,NE,USA
mocrowd,Crowder College,Neosho,MO,USA
cacuest,Cuesta College,San Luis Obispo,CA,USA
moculve,Culver-Stockton College,Canton,MO,USA
cumbrlndtn,Cumberland University,Lebanon,TN,USA
ohcuyah,Cuyahoga Community College,Cleveland,OH,USA
cacypre,Cypress College,Cypress,CA,USA
dallasbapt,Dallas Baptist University,Dallas,TX,USA
dartmouth,Dartmouth College,Hanover,NH,USA
davidson,Davidson College,Davidson,NC,USA
daviselkins,Davis and Elkins College,Elkins,WV,USA
fldayto,Daytona Beach Community College,Daytona Beach,FL,USA
madeajc,Dean College,Franklin,MA,USA
cadeanz,DeAnza College,Cupertino,CA,USA
padelaw,Delaware County Community College,Marple,PA,USA
delawarest,Delaware State University,Dover,DE,USA
dedelaw,Delaware Technical and Community College,Dover,DE,USA
ladelga,Delgado Community College,New Orleans,LA,USA
deltast,Delta State University,Cleveland,MS,USA
denisonoh,Denison University,Granville,OH,USA
depaul,DePaul University,Chicago,IL,USA
depauwin,DePauw University,Greencastle,IN,USA
iadmacc,Des Moines Area Community College,Boone,IA,USA
iadesmo,Des Moines University,Des Moines,IA,USA
padesal,DeSales University,Center Valley,PA,USA
midetrte,Detroit Institute of Technology,Detroit,MI,USA
cadiabl,Diablo Valley College,Pleasant Hill,CA,USA
dickinson,Dickinson College,Carlisle,PA,USA
utdixie,Dixie State College of Utah,St. George,UT,USA
ildixon,Dixon College,Dixon,IL,USA
nedoane,Doane College,Crete,NE,USA
dominican,Dominican College,Orangeburg,NY,USA
drake,Drake University,Des Moines,IA,USA
modrury,Drury University,Springfield,MO,USA
duke,Duke University,Durham,NC,USA
duquesne,Duquesne University,Pittsburgh,PA,USA
nydutch,Dutchess Community College,Poughkeepsie,NY,USA
ecarolina,East Carolina University,Greenville,NC,USA
moeastc,East Central College,Union,MO,USA
mseccco,East Central Community College,Decatur,MS,USA
ecentralok,East Central University,Ada,OK,USA
caelajc,East Los Angeles College,Monterey Park,CA,USA
okeaste,East Oklahoma State College,Wilburton,OK,USA
estroud,East Stroudsburg University of Pennsylvania,East Stroudsburg,PA,USA
etennst,East Tennessee State University,Johnson City,TN,USA
etxbaptist,East Texas Baptist University,Marshall,TX,USA
econnst,Eastern Connecticut State University,Willimantic,CT,USA
eillinois,Eastern Illinois University,Charleston,IL,USA
ekentucky,Eastern Kentucky University,Richmond,KY,USA
vaemenn,Eastern Mennonite University,Harrisonburg,VA,USA
emichigan,Eastern Michigan University,Ypsilanti,MI,USA
nmeaste,Eastern New Mexico University,Portales,NM,USA
txeastf,Eastfield College,Mesquite,TX,USA
eckerd,Eckerd College,St. Petersburg,FL,USA
edinboro,Edinboro University of Pennsylvania,Edinboro,PA,USA
flediso,Edison College,Fort Myers,FL,USA
waedmon,Edmonds Community College,Lynnwood,WA,USA
caelcam,El Camino College,Torrance,CA,USA
txelpas,El Paso Community College,El Paso,TX,USA
elizbthtwn,Elizabethtown College,Elizabethtown,PA,USA
iaellsw,Ellsworth College,Iowa Falls,IA,USA
ilelmhu,Elmhurst College,Elmhurst,IL,USA
elon,Elon University,Elon,NC,USA
maemers,Emerson College,Boston,MA,USA
emoryhenry,Emory and Henry College,Emory,VA,USA
emoryga,Emory University,Atlanta,GA,USA
emporiast,Emporia State University,Emporia,KS,USA
alenter,Enterprise-Ozark Community College,Enterprise,AL,USA
nyeriec,Erie Community College,Buffalo,NY,USA
erskine,Erskine College,Due West,SC,USA
eurekail,Eureka College,Eureka,IL,USA
waevere,Everett Community College,Everett,WA,USA
fairfield,Fairfield University,Fairfield,CT,USA
fairldick,Fairleigh Dickinson University - Metropolitan Campus,Teaneck,NJ,USA
alfscco,Faulkner State College,Bay Minette,AL,USA
alfaulk,Faulkner University,Montgomery,AL,USA
fayetvilst,Fayetteville State University,Fayetteville,NC,USA
cafeath,Feather River College,Quincy,CA,USA
ferrisst,Ferris State University,Big Rapids,MI,USA
ferrumva,Ferrum College,Ferrum,VA,USA
flagler,Flagler College,St. Augustine,FL,USA
floridaam,Florida Agricultural and Mechanical University,Tallahassee,FL,USA
flatlantic,Florida Atlantic University,Boca Raton,FL,USA
flflajc,Florida College,Jacksonville,FL,USA
flgateway,Florida Gateway College,Lake City,FL,USA
flgulfc,Florida Gulf Coast University,Fort Myers,FL,USA
fltech,Florida Institute of Technology,Melbourne,FL,USA
flinternat,Florida International University,Miami,FL,USA
flsouthern,Florida Southern College,Lakeland,FL,USA
floridast,Florida State University,Tallahassee,FL,USA
cafooth,Foothill College,Los Altos Hills,CA,USA
fordham,Fordham University,New York,NY,USA
forthays,Fort Hays State University,Hays,KS,USA
coftlew,Fort Lewis College,Durango,CO,USA
ksftsco,Fort Scott Community College,Fort Scott,KS,USA
scfranc,Francis Marion University,Florence,SC,USA
txfrank,Frank Phillips College,Borger,TX,USA
frankmarsh,Franklin and Marshall College,Lancaster,PA,USA
franklinin,Franklin College,Franklin,IN,USA
freedhrdmn,Freed-Hardeman University,Henderson,TN,USA
cafrecc,Fresno City College,Fresno,CA,USA
cafrepa,Fresno Pacific University,Fresno,CA,USA
friendsks,Friends University,Wichita,KS,USA
mdfrost,Frostburg State University,Frostburg,MD,USA
cafulle,Fullerton College,Fullerton,CA,USA
furman,Furman University,Greenville,SC,USA
algadsd,Gadsden State Community College,Gadsden,AL,USA
gallaudet,Gallaudet University,Washington,DC,USA
txgalve,Galveston College,Galveston,TX,USA
gannon,Gannon University,Erie,PA,USA
ksgarde,Garden City Community College,Garden City,KS,USA
gardwebb,Gardner-Webb University,Boiling Springs,NC,USA
mdgarre,Garrett Community College,McHenry,MD,USA
cagavil,Gavilan College,Gilroy,CA,USA
genevapa,Geneva College,Beaver Falls,PA,USA
georgefox,George Fox University,Newberg,OR,USA
georgemas,George Mason University,Fairfax,VA,USA
georgewash,George Washington University,Washington,DC,USA
georgtwnky,Georgetown College,Georgetown,KY,USA
georgetown,Georgetown University,Washington,DC,USA
gacollege,Georgia College and State University,Milledgeville,GA,USA
gatech,Georgia Institute of Technology,Atlanta,GA,USA
gagpjco,Georgia Perimeter College,Covington,GA,USA
georgiasou,Georgia Southern University,Statesboro,GA,USA
gaswestern,Georgia Southwestern State University,Americus,GA,USA
georgiast,Georgia State University,Atlanta,GA,USA
gettysburg,Gettysburg College,Gettysburg,PA,USA
ohgiffi,Giffin Junior College,Van Wert,OH,USA
migocco,Glen Oaks Community College,Centreville,MI,USA
caglend,Glendale Community College,Glendale,CA,USA
glenvilst,Glenville State College,Glenville,WV,USA
njglouc,Gloucester County College,Sewell,NJ,USA
cagolde,Golden West College,Huntington Beach,CA,USA
gonzaga,Gonzaga University,Spokane,WA,USA
grambling,Grambling State University,Grambling,LA,USA
grcanyon,Grand Canyon University,Phoenix,AZ,USA
migrand,Grand Rapids Community College,Grand Rapids,MI,USA
grvalleyst,Grand Valley State University,Allendale,MI,USA
grandview,Grand View College,Des Moines,IA,USA
txgrays,Grayson County College,Denison,TX,USA
wagreen,Green River Community College,Auburn,WA,USA
grinnellia,Grinnell College,Grinnell,IA,USA
grossmont,Grossmont College,El Cajon,CA,USA
grovecity,Grove City College,Grove City,PA,USA
guilfordnc,Guilford College,Greensboro,NC,USA
flgccco,Gulf Coast Community College,Panama City,FL,USA
msgcmac,Gulf Coast Military Academy,Gulfport,MS,USA
mdhager,Hagerstown Community College,Hagerstown,MD,USA
pahahne,Hahnemann University,Philadelphia,PA,USA
hamlinemn,Hamline University,St. Paul,MN,USA
hampsydney,Hampden-Sydney College,Hampden-Sydney,VA,USA
inhanov,Hanover College,Hanover,IN,USA
harding,Harding University,Searcy,AR,USA
hardinsimm,Hardin-Simmons University,Abilene,TX,USA
moharri,Harris-Stowe State College,St. Louis,MO,USA
iltruma,Harry S Truman College,Chicago,IL,USA
cahartn,Hartnell College,Salinas,CA,USA
hartwickny,Hartwick College,Oneonta,NY,USA
harvard,Harvard University,Cambridge,MA,USA
haskellks,Haskell Indian Nations University,Lawrence,KS,USA
nehasti,Hastings College,Hastings,NE,USA
pahaver,Haverford College in Pennsylvania,Haverford,PA,USA
hawaiipac,Hawaii Pacific University,Honolulu,HI,USA
heidelberg,Heidelberg College,Tiffin,OH,USA
hendrsonst,Henderson State University,Arkadelphia,AR,USA
hendrixar,Hendrix College,Conway,AR,USA
mihenry,Henry Ford Community College,Dearborn,MI,USA
highpoint,High Point University,High Point,NC,USA
iahighl,Highland Park College,Des Moines,IA,USA
txhillj,Hill College,Hillsboro,TX,USA
flhills,Hillsborough Community College,Tampa,FL,USA
hillsdale,Hillsdale College,Hillsdale,MI,USA
mshinds,Hinds Community College,Raymond,MS,USA
hiramoh,Hiram College,Hiram,OH,USA
tnhiwas,Hiwassee College,Madisonville,TN,USA
hobartny,Hobart and William Smith Colleges,Geneva,NY,USA
hofstra,Hofstra University,Hempstead,NY,USA
msholme,Holmes Community College,Ridgeland,MS,USA
hopemi,Hope College,Holland,MI,USA
houstnbapt,Houston Baptist University,Houston,TX,USA
txhowar,Howard College,Big Spring,TX,USA
howrdpayne,Howard Payne University,Brownwood,TX,USA
howard,Howard University,Washington,DC,USA
humboldtst,Humboldt State University,Arcata,CA,USA
huntercuny,Hunter College - The City University of New York,New York,NY,USA
kshutch,Hutchinson Community College,Hutchinson,KS,USA
idahost,Idaho State University,Pocatello,ID,USA
ilcenjc,Illinois Central College,East Peoria,IL,USA
ilcollege,Illinois College,Jacksonville,IL,USA
illinoisst,Illinois State University,Normal,IL,USA
ilwesleyan,Illinois Wesleyan University,Bloomington,IL,USA
caimper,Imperial Valley College,Imperial,CA,USA
ksindep,Independence Community College,Independence,KS,USA
iaindia,Indian Hills Community College,Centerville,IA,USA
flindia,Indian River Community College,Fort Pierce,FL,USA
inintec,Indiana Institute of Technology,Fort Wayne,IN,USA
indianast,Indiana State University,Terre Haute,IN,USA
indianapa,Indiana University of Pennsylvania,Indiana,PA,USA
indiana,Indiana University-Bloomington,Bloomington,IN,USA
inindwe,Indiana Wesleyan University,Marion,IN,USA
iona,Iona College,New Rochelle,NY,USA
iowast,Iowa State University,Ames,IA,USA
iawesleyan,Iowa Wesleyan College,Mount Pleasant,IA,USA
iawescc,Iowa Western Community College,Council Bluffs,IA,USA
msitawa,Itawamba Community College,Fulton,MS,USA
ithacany,Ithaca College,Ithaca,NY,USA
tnjacks,Jackson State Community College,Jackson,TN,USA
jacksonst,Jackson State University,Jackson,MS,USA
jksonvilst,Jacksonville State University,Jacksonville,AL,USA
jacksonvil,Jacksonville University,Jacksonville,FL,USA
jamesmad,James Madison University,Harrisonburg,VA,USA
mojcjco,Jefferson City Junior College,Jefferson City,MO,USA
mojeffe,Jefferson College,Hillsboro,MO,USA
aljeffd,Jefferson Davis Community College,Brewton,AL,USA
illogan,John A Logan College,Carterville,IL,USA
johnbrwnar,John Brown University,Siloam Springs,AR,USA
ohjohnc,John Carroll University,University Heights,OH,USA
nepersh,John J Pershing College,Beatrice,NE,USA
johnshpkns,Johns Hopkins University,Baltimore,MD,USA
ksjohns,Johnson County Community College,Overland Park,KS,USA
juniatapa,Juniata College,Huntingdon,PA,USA
kalamazoo,Kalamazoo College,Kalamazoo,MI,USA
mikalam,Kalamazoo Valley Community College,Kalamazoo,MI,USA
ilkanka,Kankakee Community College,Kankakee,IL,USA
kskccco,Kansas City Kansas Community College,Kansas City,KS,USA
kansasst,Kansas State University,Manhattan,KS,USA
ilkaska,Kaskaskia College,Arcola,IL,USA
keenest,Keene State College,Keene,NH,USA
ilkenne,Kennedy-King College,Chicago,IL,USA
kennesawst,Kennesaw State University,Kennesaw,GA,USA
kentst,Kent State University,Kent,OH,USA
kentuckyst,Kentucky State University,Frankfort,KY,USA
kywesleyan,Kentucky Wesleyan College,Owensboro,KY,USA
kenyonoh,Kenyon College,Gambier,OH,USA
txkilgo,Kilgore College,Kilgore,TX,USA
tnkingc,King College,Bristol,TN,USA
nykbcco,Kingsborough Community College,Brooklyn,NY,USA
iakirkw,Kirkwood Community College,Cedar Rapids,IA,USA
ilkishw,Kishwaukee College,Malta,IL,USA
knoxil,Knox College,Galesburg,IL,USA
kutztown,Kutztown University of Pennsylvania,Kutztown,PA,USA
kslabet,Labette Community College,Parsons,KS,USA
lafayette,Lafayette College,Easton,PA,USA
ohlerie,Lake Erie College,Painesville,OH,USA
lakeforest,Lake Forest College,Lake Forest,IL,USA
illakel,Lake Land College,Mattoon,IL,USA
milmich,Lake Michigan College,Benton Harbor,MI,USA
ohlakel,Lakeland Community College,Kirtland,OH,USA
colamar,Lamar Community College,Lamar,CO,USA
lamar,Lamar University,Beaumont,TX,USA
lambuthtn,Lambuth University,Jackson,TN,USA
lanecol,Lane College,Jackson,TN,USA
calaney,Laney College,Oakland,CA,USA
palaroc,LaRoche College,Pittsburgh,PA,USA
lasalle,LaSalle University,Philadelphia,PA,USA
calasse,Lassen College,Susanville,CA,USA
wilawre,Lawrence University,Appleton,WI,USA
lebvalley,Lebanon Valley College,Annville,PA,USA
txleejc,Lee College,Baytown,TX,USA
lee,Lee University,Cleveland,TN,USA
lehigh,Lehigh University,Bethlehem,PA,USA
nylehma,Lehman College,Bronx,NY,USA
lemoyne,LeMoyne College,Syracuse,NY,USA
lemoynowen,LeMoyne-Owen College,Memphis,TN,USA
lenoirrhyn,Lenoir-Rhyne College,Hickory,NC,USA
illewis,Lewis & Clark Community College,Godfrey,IL,USA
lewclarkor,Lewis and Clark College,Portland,OR,USA
lewisil,Lewis University,Romeoville,IL,USA
lewclarkst,Lewis-Clark State College,Lewiston,ID,USA
liberty,Liberty University,Lynchburg,VA,USA
sclimes,Limestone College,Gaffney,SC,USA
illinco,Lincoln College,Lincoln,IL,USA
lincolnlandcc,Lincoln Land Community College,Springfield,IL,USA
lincolnmem,Lincoln Memorial University,Harrogate,TN,USA
illtjco,Lincoln Trail College,Robinson,IL,USA
lincolnmo,Lincoln University,Jefferson City,MO,USA
palinco,Lincoln University,Lincoln University,PA,USA
linfieldor,Linfield College,McMinnville,OR,USA
orlinnb,Linn-Benton Community College,Albany,OR,USA
lipscomb,Lipscomb University,Nashville,TN,USA
lockhaven,Lock Haven University of Pennsylvania,Lock Haven,PA,USA
illomba,Lombard College,Galesburg,IL,USA
txlonmo,Lon Morris College,Jacksonville,TX,USA
calobcc,Long Beach City College,Long Beach,CA,USA
longisland,Long Island University - Brooklyn Campus,Brooklyn,NY,USA
cwpost,Long Island University - C W Post Campus,Brookville,NY,USA
molongv,Longview Community College,Kansas City,MO,USA
longwoodva,Longwood University,Farmville,VA,USA
lorasia,Loras College,Dubuque,IA,USA
calacco,Los Angeles City College,Los Angeles,CA,USA
caharbo,Los Angeles Harbor College,Wilmington,CA,USA
calamjc,Los Angeles Mission College,Sylmar,CA,USA
capierc,Los Angeles Pierce College,Woodland Hills,CA,USA
calavco,Los Angeles Valley College,Los Angeles,CA,USA
nclouis,Louisburg College,Louisburg,NC,USA
lacollege,Louisiana College,Pineville,LA,USA
lsu,Louisiana State University,Baton Rouge,LA,USA
latech,Louisiana Tech University,Ruston,LA,USA
malowete,Lowell Technological Institute,Lowell,MA,USA
walower,Lower Columbia College,Longview,WA,USA
loyolamd,Loyola College in Maryland,Baltimore,MD,USA
loyolamary,Loyola Marymount University,Los Angeles,CA,USA
loyolachi,Loyola University Chicago,Chicago,IL,USA
loyolano,Loyola University New Orleans,New Orleans,LA,USA
lubbchrist,Lubbock Christian University,Lubbock,TX,USA
allurle,Lurleen B Wallace Community College,Andalusia,AL,USA
lutheria,Luther College,Decorah,IA,USA
lycomingpa,Lycoming College,Williamsport,PA,USA
lynchbrgva,Lynchburg College,Lynchburg,VA,USA
fllynnu,Lynn University,Boca Raton,FL,USA
macmurryil,MacMurray College,Jacksonville,IL,USA
mimacom,Macomb Community College,Warren,MI,USA
manchester,Manchester College,North Manchester,IN,USA
manhattan,Manhattan College,New York,NY,USA
mansfield,Mansfield University of Pennsylvania,Mansfield,PA,USA
momaple,Maple Woods Community College,Kansas City,MO,USA
mariettaoh,Marietta College,Marietta,OH,USA
almario,Marion Military Institute,Marion,AL,USA
nymarit,Maritime College,Throggs Neck,NY,USA
marquette,Marquette University,Milwaukee,WI,USA
ncmarsh,Mars Hill College,Mars Hill,NC,USA
marshall,Marshall University,Huntington,WV,USA
mryvilletn,Maryville College,Maryville,TN,USA
macollege,Massachusetts College of Liberal Arts,North Adams,MA,USA
mit,Massachusetts Institute of Technology,Cambridge,MA,USA
mamassa,Massasoit Community College,Brockton,MA,USA
mcdaniel,McDaniel College,Westminster,MD,USA
ilmcken,McKendree University,Lebanon,IL,USA
txmclen,McLennan Community College,Waco,TX,USA
txmcmur,McMurry University,Abilene,TX,USA
mcneese,McNeese State University,Lake Charles,LA,USA
vamedic,Medical College of Virginia,Richmond,VA,USA
camendo,Mendocino College,Ukiah,CA,USA
camenlo,Menlo College,Atherton,CA,USA
camerce,Merced College,Merced,CA,USA
njmerce,Mercer County Community College,West Windsor,NJ,USA
mercer,Mercer University,Macon,GA,USA
nymercy,Mercy College,Dobbs Ferry,NY,USA
mercyhurst,Mercyhurst College,Erie,PA,USA
msmerid,Meridian Community College,Meridian,MS,USA
txmerid,Meridian Junior College,Meridian,TX,USA
mamerri,Merrimack College,North Andover,MA,USA
camerri,Merritt College,Oakland,CA,USA
azmescc,Mesa Community College,Mesa,AZ,USA
mesast,Mesa State College,Grand Junction,CO,USA
mnmesabi,Mesabi Range Community and Technical College,Virginia,MN,USA
messiah,Messiah College,Grantham,PA,USA
miamioh,Miami University of Ohio,Oxford,OH,USA
miamidade,Miami-Dade College,Miami,FL,USA
flmdkjc,Miami-Dade College - Kendall Campus,Miami,FL,USA
flmdnjc,Miami-Dade College - North Campus,Miami,FL,USA
flmdwjc,Miami-Dade College - Wolfson Campus,Miami,FL,USA
michiganst,Michigan State University,East Lansing,MI,USA
gamiddl,Middle Georgia College,Cochran,GA,USA
mtennst,Middle Tennessee State University,Murfreesboro,TN,USA
middlbryvt,Middlebury College,Middlebury,VT,USA
mamiddl,Middlesex Community College,Bedford,MA,USA
njmiddl,Middlesex County Community College,Edison,NJ,USA
txmidla,Midland College,Midland,TX,USA
midlndluth,Midland Lutheran College,Fremont,NE,USA
almiles,Miles College,Fairfield,AL,USA
millersvil,Millersville University of Pennsylvania,Millersville,PA,USA
milligantn,Milligan College,Milligan College,TN,USA
millikin,Millikin University,Decatur,IL,USA
millsapsms,Millsaps College,Jackson,MS,USA
mominer,Mineral Area College,Park Hills,MO,USA
mankatost,Minnesota State University - Mankato,Mankato,MN,USA
mnmoorh,Minnesota State University - Moorhead,Moorhead,MN,USA
camirac,MiraCosta College,Oceanside,CA,USA
camissi,Mission College,Santa Clara,CA,USA
mscollege,Mississippi College,Clinton,MS,USA
msmdcco,Mississippi Delta Community College,Moorhead,MS,USA
mcmgccc,Mississippi Gulf Coast Community College,Perkinston,MS,USA
missst,Mississippi State University,Mississippi State,MS,USA
mosouthern,Missouri Southern State University,Joplin,MO,USA
swmost,Missouri State University,Springfield,MO,USA
morolla,Missouri University of Science and Technology,Rolla,MO,USA
movalley,Missouri Valley College,Marshall,MO,USA
mowestern,Missouri Western State University,St. Joseph,MO,USA
ctmitch,Mitchell College,New London,CT,USA
camodes,Modesto Junior College,Modesto,CA,USA
nymohaw,Mohawk Valley Community College,Utica,NY,USA
monmouth,Monmouth University,West Long Branch,NJ,USA
monroecc,Monroe Community College,Rochester,NY,USA
mntclairst,Montclair State University,Montclair,NJ,USA
campjco,Monterey Peninsula College,Monterey,CA,USA
mdmontg,Montgomery College - Rockville Campus,Rockville,MD,USA
montreatnc,Montreat College,Montreat,NC,USA
camoorp,Moorpark College,Moorpark,CA,USA
ilmorai,Moraine Valley Community College,Palos Hills,IL,USA
morehead,Morehead State University,Morehead,KY,USA
morehouse,Morehouse College,Atlanta,GA,USA
morganst,Morgan State University,Baltimore,MD,USA
mrningside,Morningside College,Sioux City,IA,USA
tnmotlo,Motlow State Community College,Lynchburg,TN,USA
ormount,Mount Hood Community College,Gresham,OR,USA
ilmount,Mount Morris College,Mount Morris,IL,USA
mtolive,Mount Olive College,Mount Olive,NC,USA
camsajc,Mount San Antonio College,Walnut,CA,USA
camsjjc,Mount San Jacinto College,San Jacinto,CA,USA
mtstmarys,Mount St. Mary's University,Emmitsburg,MD,USA
mtunionoh,Mount Union College,Alliance,OH,USA
mtvernnaz,Mount Vernon Nazarene University,Mount Vernon,OH,USA
muhlenberg,Muhlenberg College,Allentown,PA,USA
okmurra,Murray State College,Tishomingo,OK,USA
murrayst,Murray State University,Murray,KY,USA
mimuske,Muskegon Community College,Muskegon,MI,USA
muskingum,Muskingum College,New Concord,OH,USA
canapav,Napa Valley College,Napa,CA,USA
nynassa,Nassau Community College,Garden City,NY,USA
txnavar,Navarro College,Corsicana,TX,USA
newesleyan,Nebraska Wesleyan University,Lincoln,NE,USA
ksneosh,Neosho County Community College,Chanute,KS,USA
njcity,New Jersey City University,Jersey City,NJ,USA
nmhighland,New Mexico Highlands University,Las Vegas,NM,USA
nmnmjco,New Mexico Junior College,Hobbs,NM,USA
nmmilin,New Mexico Military Institute,Roswell,NM,USA
nmstate,New Mexico State University,Las Cruces,NM,USA
nytech,New York Institute of Technology,Old Westbury,NY,USA
newyorku,New York University,New York,NY,USA
newberry,Newberry College,Newberry,SC,USA
vaappre,Newport News Apprentice School,Newport News,VA,USA
niagara,Niagara University,Lewiston,NY,USA
nicholls,Nicholls State University,Thibodaux,LA,USA
norfolkst,Norfolk State University,Norfolk,VA,USA
mnnorma,Normandale Community College,Bloomington,MN,USA
arnorth,North Arkansas College,Bentonville,AR,USA
ncat,North Carolina A&T State University,Greensboro,NC,USA
ncstate,North Carolina State University,Raleigh,NC,USA
ncentralil,North Central College,Naperville,IL,USA
txnctjc,North Central Texas College,Gainesville,TX,USA
ndstate,North Dakota State University,Fargo,ND,USA
flnfcco,North Florida Community College,Madison,FL,USA
idnidjc,North Idaho College,Coeur d'Alene,ID,USA
manscco,North Shore Community College,Danvers,MA,USA
okneoam,Northeast Oklahoma A&M College,Miami,OK,USA
txnetex,Northeast Texas Community College,Mount Pleasant,TX,USA
neillinois,Northeastern Illinois University,Chicago,IL,USA
oknestu,Northeastern State University,Tahlequah,OK,USA
neastern,Northeastern University,Boston,MA,USA
narizona,Northern Arizona University,Flagstaff,AZ,USA
manecco,Northern Essex Community College,Haverhill,MA,USA
nillinois,Northern Illinois University,DeKalb,IL,USA
nkentucky,Northern Kentucky University,Highland Heights,KY,USA
minorth,Northern Michigan University,Marquette,MI,USA
flnwfsc,Northwest Florida State College,Niceville,FL,USA
msnwmcc,Northwest Mississippi Community College,Senatobia,MS,USA
nwmost,Northwest Missouri State University,Maryville,MO,USA
nwokstate,Northwestern Oklahoma State University,Alva,OK,USA
nwstate,Northwestern State University of Louisiana,Natchitoches,LA,USA
nwestern,Northwestern University,Evanston,IL,USA
alnorth,Northwest-Shoals Community College,Muscle Shoals,AL,USA
northwood,Northwood University,Midland,MI,USA
ctnorwa,Norwalk Community College,Norwalk,CT,USA
norwichvt,Norwich University,Northfield,VT,USA
flnovas,Nova Southeastern University,Fort Lauderdale,FL,USA
mioakla,Oakland Community College,Farmington Hills,MI,USA
oakland,Oakland University,Rochester,MI,USA
oberlinoh,Oberlin College,Oberlin,OH,USA
occidental,Occidental College,Los Angeles,CA,USA
txodess,Odessa College,Odessa,TX,USA
oglethrpga,Oglethorpe University,Atlanta,GA,USA
ohdominican,Ohio Dominican University,Columbus,OH,USA
ohnorth,Ohio Northern University,Ada,OH,USA
ohio,Ohio University,Athens,OH,USA
ohvalley,Ohio Valley College,Vienna,WV,USA
ohwesleyan,Ohio Wesleyan University,Delaware,OH,USA
flokalo,Okaloosa-Walton College,Niceville,FL,USA
okbapti,Oklahoma Baptist University,Shawnee,OK,USA
okocsw,Oklahoma City Southwestern College,Oklahoma City,OK,USA
okcity,Oklahoma City University,Oklahoma City,OK,USA
okstate,Oklahoma State University,Stillwater,OK,USA
okwesle,Oklahoma Wesleyan University,Bartlesville,OK,USA
olddom,Old Dominion University,Norfolk,VA,USA
olivetmi,Olivet College,Olivet,MI,USA
olivetnaz,Olivet Nazarene University,Bourbonnais,IL,USA
ilolney,Olney Central College,Olney,IL,USA
waolymp,Olympic College,Bremerton,WA,USA
nyonond,Onondaga Community College,Syracuse,NY,USA
oralrob,Oral Roberts University,Tulsa,OK,USA
caorang,Orange Coast College,Costa Mesa,CA,USA
oregonst,Oregon State University,Corvallis,OR,USA
otterbein,Otterbein College,Westerville,OH,USA
ouachitab,Ouachita Baptist University,Arkadelphia,AR,USA
oxnard,Oxnard College,Oxnard,CA,USA
pacificor,Pacific University,Forest Grove,OR,USA
flpbaun,Palm Beach Atlantic University,West Palm Beach,FL,USA
pbsc,Palm Beach Community College,Lake Worth,FL,USA
flpalme,Palmer College,DeFuniak Springs,FL,USA
capalom,Palomar College,San Marcos,CA,USA
txpanol,Panola College,Carthage,TX,USA
txparis,Paris Junior College,Paris,TX,USA
mnparke,Parker College,Winnebago,MN,USA
ilparkl,Parkland College,Champaign,IL,USA
iaparso,Parsons College,Fairfield,IA,USA
capasad,Pasadena City College,Pasadena,CA,USA
flpasco,Pasco-Hernando Community College,New Port Richey,FL,USA
txpaulq,Paul Quinn College,Dallas,TX,USA
mspearl,Pearl River Community College,Poplarville,MS,USA
psubehrend,Penn State Erie - the Behrend College of Pennsylvania State University,Erie,PA,USA
pennst,Pennsylvania State University,State College,PA,USA
flpensa,Pensacola Junior College,Pensacola,FL,USA
pepperdine,Pepperdine University,Malibu,CA,USA
pfeiffer,Pfeiffer University,Misenheimer,NC,USA
philly,Philadelphia University,Philadelphia,PA,USA
philsmith,Philander Smith College,Little Rock,AR,USA
azphoen,Phoenix College,Phoenix,AZ,USA
piedmontga,Piedmont College,Demorest,GA,USA
azpimcc,Pima Community College,Tucson,AZ,USA
ncpitcc,Pitt Community College,Winterville,NC,USA
pittsbst,Pittsburg State University,Pittsburg,KS,USA
plymouth,Plymouth State College,Plymouth,NH,USA
ptlomanaz,Point Loma Nazarene University,San Diego,CA,USA
ptparkpa,Point Park University,Pittsburgh,PA,USA
flpolkc,Polk Community College,Winter Haven,FL,USA
pompitzer,Pomona College/Pitzer College,Claremont,CA,USA
caporte,Porterville College,Porterville,CA,USA
portlandst,Portland State University,Portland,OR,USA
wvpotom,Potomac State College,Keyser,WV,USA
prairview,Prairie View A&M University,Prairie View,TX,USA
kspratt,Pratt Community College,Pratt,KS,USA
presbytrn,Presbyterian College,Clinton,SC,USA
princeton,Princeton University,Princeton,NJ,USA
providence,Providence College,Providence,RI,USA
purdue,Purdue University,West Lafayette,IN,USA
quincy,Quincy University,Quincy,IL,USA
quinnipiac,Quinnipiac College,Hamden,CT,USA
maquins,Quinsigamond Community College,Worcester,MA,USA
radford,Radford University,Radford,VA,USA
ramaponj,Ramapo College,Mahwah,NJ,USA
caranch,Rancho Santiago College,Santa Ana,CA,USA
randmacon,Randolph-Macon College,Ashland,VA,USA
careedl,Reedley College,Reedley,CA,USA
ric,Rhode Island College,Providence,RI,USA
rhodestn,Rhodes College,Memphis,TN,USA
rice,Rice University,Houston,TX,USA
njricha,Richard Stockton College of New Jersey,Pomona,NJ,USA
mericke,Ricker College,Houlton,ME,USA
rider,Rider University,Lawrenceville,NJ,USA
carioho,Rio Hondo College,Whittier,CA,USA
riponwi,Ripon College,Ripon,WI,USA
carivcc,Riverside Community College,Riverside,CA,USA
roanokeva,Roanoke College,Salem,VA,USA
robertmor,Robert Morris University,Moon Township,PA,USA
mdrockh,Rock Hill College,Ellicott City,MD,USA
rockhurst,Rockhurst University,Kansas City,MO,USA
nyrockl,Rockland Community College,Suffern,NY,USA
riroger,Roger Williams University,Bristol,RI,USA
okroger,Rogers State University,Claremore,OK,USA
rollins,Rollins College,Winter Park,FL,USA
rosehulman,Rose-Hulman Institute of Technology,Terre Haute,IN,USA
rowannj,Rowan University,Glassboro,NJ,USA
rutgers,Rutgers - the State University of New Jersey,New Brunswick,NJ,USA
ncruthe,Rutherford College,Rutherford College,NC,USA
casacra,Sacramento City College,Sacramento,CA,USA
wisacre,Sacred Heart College,Watertown,WI,USA
casaddl,Saddleback College,Mission Viejo,CA,USA
saginawval,Saginaw Valley State University,Saginaw,MI,USA
salemintl,Salem International University,Salem,WV,USA
utslxxo,Salt Lake Community College,Salt Lake City,UT,USA
samhouston,Sam Houston State University,Huntsville,TX,USA
samford,Samford University,Birmingham,AL,USA
txsajco,San Antonio College,San Antonio,TX,USA
casbvjc,San Bernardino Valley College,San Bernardino,CA,USA
sdcity,San Diego City College,San Diego,CA,USA
casdmjc,San Diego Mesa College,San Diego,CA,USA
sandiegost,San Diego State University,San Diego,CA,USA
sanfranst,San Francisco State University,San Francisco,CA,USA
txsjjco,San Jacinto College,Pasadena,TX,USA
txsjjcn,San Jacinto College - North Campus,Houston,TX,USA
casjdjc,San Joaquin Delta College,Stockton,CA,USA
casjcco,San Jose City College,San Jose,CA,USA
sanjosest,San Jose State University,San Jose,CA,USA
casajco,Santa Ana College,Santa Ana,CA,USA
casbcco,Santa Barbara City College,Santa Barbara,CA,USA
santaclara,Santa Clara University,Santa Clara,CA,USA
flsanta,Santa Fe Community College,Gainesville,FL,USA
casmjco,Santa Monica College,Santa Monica,CA,USA
casrjco,Santa Rosa Junior College,Santa Rosa,CA,USA
ilsvcco,Sauk Valley Community College,Dixon,IL,USA
savcolad,Savannah College of Arts and Design,Savannah,GA,USA
schreiner,Schreiner University,Kerrville,TX,USA
paschuy,Schuylkill College,Reading,PA,USA
azscott,Scottsdale Community College,Scottsdale,AZ,USA
seattle,Seattle University,Seattle,WA,USA
seminolecc,Seminole Community College,Sanford,FL,USA
oksemin,Seminole State College,Seminole,OK,USA
setonhall,Seton Hall University,South Orange,NJ,USA
cashast,Shasta College,Redding,CA,USA
shaw,Shaw University,Raleigh,NC,USA
shenandoah,Shenandoah University,Winchester,VA,USA
shepherdwv,Shepherd College,Shepherdstown,WV,USA
shipnsburg,Shippensburg University of Pennsylvania,Shippensburg,PA,USA
washore,Shoreline Community College,Shoreline,WA,USA
shorterga,Shorter College,Rome,GA,USA
ilshurt,Shurtleff College,Alton,IL,USA
siena,Siena College,Loudonville,NY,USA
casierr,Sierra College,Rocklin,CA,USA
iasimps,Simpson College,Indianola,IA,USA
ohsincl,Sinclair Community College,Dayton,OH,USA
caskyli,Skyline JC,San Bruno,CA,USA
sliprock,Slippery Rock University of Pennsylvania,Slippery Rock,PA,USA
utsnojc,Snow College,Ephraim,UT,USA
casolan,Solano Community College,Fairfield,CA,USA
kysomer,Somerset Community College,Somerset,KY,USA
sonomast,Sonoma State University,Rohnert Park,CA,USA
scstate,South Carolina State University,Orangeburg,SC,USA
sdakotast,South Dakota State University,Brookings,SD,USA
sfcc,South Florida Community College,Avon Park,FL,USA
gasgajc,South Georgia College,Douglas,GA,USA
azsouth,South Mountain Community College,Phoenix,AZ,USA
ilssjco,South Suburban College,South Holland,IL,USA
semost,Southeast Missouri State University,Cape Girardeau,MO,USA
ilseijc,Southeastern Illinois College,Harrisburg,IL,USA
iaseccs,Southeastern Iowa Community College - Keokuk Campus,Keokuk,IA,USA
sela,Southeastern Louisiana University,Hammond,LA,USA
seoklahoma,Southeastern Oklahoma State University,Durant,OK,USA
sefl,Southeastern University,Lakeland,FL,USA
sarkansas,Southern Arkansas University,Magnolia,AR,USA
sillinois,Southern Illinois University Carbondale,Carbondale,IL,USA
silledward,Southern Illinois University Edwardsville,Edwardsville,IL,USA
smethodist,Southern Methodist University,Dallas,TX,USA
alsuscc,Southern Union State Community College,Wadley,AL,USA
southernu,Southern University and A&M College,Baton Rouge,LA,USA
sutah,Southern Utah University,Cedar City,UT,USA
msswmcc,Southwest Mississippi Community College,Summit,MS,USA
tnswten,Southwest Tennessee Community College,Memphis,TN,USA
txswtex,Southwest Texas Junior College,Uvalde,TX,USA
swesternks,Southwestern College,Winfield,KS,USA
caswjco,Southwestern College,Chula Vista,CA,USA
ilswijc,Southwestern Illinois College,Belleville,IL,USA
swoklahoma,Southwestern Oklahoma State University,Weatherford,OK,USA
swesterntx,Southwestern University,Georgetown,TX,USA
scspart,Spartanburg Methodist College,Spartanburg,SC,USA
wasfcco,Spokane Falls Community College,Spokane,WA,USA
springhill,Spring Hill College,Mobile,AL,USA
sprngfldma,Springfield College,Springfield,MA,USA
stambrseia,St. Ambrose University,Davenport,IA,USA
ncstand,St. Andrews Presbyterian College,Laurinburg,NC,USA
stanselm,St. Anselm College,Manchester,NH,USA
staugustne,St. Augustine's College,Raleigh,NC,USA
stbonny,St. Bonaventure University,St. Bonaventure,NY,USA
kystcat,St. Catherine College,St. Catherine,KY,USA
mistcla,St. Clair County Community College,Port Huron,MI,USA
stedwardtx,St. Edward's University,Austin,TX,USA
stfranny,St. Francis University,Brooklyn,NY,USA
stfranpa,St. Francis University,Loretto,PA,USA
mdstjoh,St. John's College,Annapolis,MD,USA
flsjrcc,St. Johns River Community College,Palatka,FL,USA
stjohns,St. John's University,Queens,NY,USA
stjosephin,St. Joseph's College,Rensselaer,IN,USA
mestjos,St. Joseph's College,Standish,ME,USA
stjosephs,St. Joseph's University,Philadelphia,PA,USA
stlawrence,St. Lawrence University,Canton,NY,USA
stleo,St. Leo College,St. Leo,FL,USA
mofores,St. Louis Community College - Forest Park Campus,St. Louis,MO,USA
meramec,St. Louis Community College - Meramec Campus,Kirkwood,MO,USA
stlouis,St. Louis University,St. Louis,MO,USA
stmartinwa,St. Martin's College,Lacey,WA,USA
ksstmaC,St. Mary's College,St. Mary's,KS,USA
stmarysca,St. Mary's College of California,Moraga,CA,USA
stmarytx,St. Mary's University,San Antonio,TX,USA
stmarysmn,St. Mary's University of Minnesota,Winona,MN,USA
stmichaels,St. Michael's College,Colchester,VT,USA
wistnor,St. Norbert College,De Pere,WI,USA
stpeters,St. Peter's College,Jersey City,NJ,USA
flstpet,St. Petersburg College,St. Petersburg,FL,USA
stthomasfl,St. Thomas University,Miami Gardens,FL,USA
ilstvia,St. Viator College,Bourbonnais,IL,USA
stxavieril,St. Xavier University,Orland Park,IL,USA
stcloudst,St.Cloud State University,St. Cloud,MN,USA
stanford,Stanford University,Palo Alto,CA,USA
flmanat,State College of Florida - Manatee-Sarasota,Bradenton,FL,USA
sunybing,State University of New York at Binghamton,Binghamton,NY,USA
nybrock,State University of New York at Brockport,Brockport,NY,USA
nycortland,State University of New York at Cortland,Cortland,NY,USA
nyfredonia,State University of New York at Fredonia,Fredonia,NY,USA
nyoneonta,State University of New York at Oneonta,Oneonta,NY,USA
wgeorgia,State University of West Georgia,Carrollton,GA,USA
sfaustin,Stephen F Austin State University,Nacogdoches,TX,USA
sterlingks,Sterling University,Sterling,KS,USA
stetson,Stetson University,DeLand,FL,USA
stonybrook,Stony Brook University,Stony Brook,NY,USA
nysuffo,Suffolk County Community College,Brentwood,NY,USA
sulrossst,Sul Ross State University,Alpine,TX,USA
susquehnna,Susquehanna University,Selinsgrove,PA,USA
swarthmore,Swarthmore College,Swarthmore,PA,USA
syracuse,Syracuse University,Syracuse,NY,USA
watacom,Tacoma Community College,Tacoma,WA,USA
catafjc,Taft College,Taft,CA,USA
fltalla,Tallahassee Community College,Tallahassee,FL,USA
motarki,Tarkio College,Tarkio,MO,USA
tarletonst,Tarleton State University,Stephenville,TX,USA
txtempl,Temple College,Temple,TX,USA
temple,Temple University,Philadelphia,PA,USA
tennst,Tennessee State University,Nashville,TN,USA
tntech,Tennessee Technological University,Cookeville,TN,USA
tnwesleyan,Tennessee Wesleyan College,Athens,TN,USA
txtexar,Texarkana College,Texarkana,TX,USA
texasam,Texas A&M University,College Station,TX,USA
tamucomm,Texas A&M University-Commerce,Commerce,TX,USA
tamukvill,Texas A&M University-Kingsville,Kingsville,TX,USA
txchrist,Texas Christian University,Fort Worth,TX,USA
swtexas,Texas State University,San Marcos,TX,USA
txtech,Texas Tech University,Lubbock,TX,USA
txwesleyan,Texas Wesleyan University,Fort Worth,TX,USA
citadel,The Citadel,Charleston,SC,USA
mastersca,The Master's College,Santa Clarita,CA,USA
ohiost,The Ohio State University,Columbus,OH,USA
thielpa,Thiel College,Greenville,PA,USA
thomasmore,Thomas More College,Crestview Hills,KY,USA
mothree,Three Rivers Community College,Poplar Bluff,MO,USA
towson,Towson University,Towson,MD,USA
trnsylvnia,Transylvania University,Lexington,KY,USA
ortreas,Treasure Valley Community College,Ontario,OR,USA
cotrini,Trinidad State Junior College,Trinidad,CO,USA
trinityct,Trinity College,Hartford,CT,USA
trinitytx,Trinity University,San Antonio,TX,USA
iltrito,Triton College,River Grove,IL,USA
troyst,Troy University,Troy,AL,USA
trumanst,Truman State University,Kirksville,MO,USA
tuftsma,Tufts University,Medford,MA,USA
tulane,Tulane University,New Orleans,LA,USA
mstupel,Tupelo Military Institute,Tupelo,MS,USA
tusculum,Tusculum College,Greenville,TN,USA
tuskegee,Tuskegee University,Tuskegee,AL,USA
txtyler,Tyler Junior College,Tyler,TX,USA
unionny,Union College,Schenectady,NY,USA
uniontn,Union University,Jackson,TN,USA
army,United States Military Academy,West Point,NY,USA
navy,United States Naval Academy,Annapolis,MD,USA
sunybuff,University at Buffalo - State University of New York,Buffalo,NY,USA
akron,University of Akron,Akron,OH,USA
alabama,University of Alabama,Tuscaloosa,AL,USA
uab,University of Alabama at Birmingham,Birmingham,AL,USA
arizona,University of Arizona,Tucson,AZ,USA
arkansas,University of Arkansas,Fayetteville,AR,USA
arkansaslr,University of Arkansas at Little Rock,Little Rock,AR,USA
arkmont,University of Arkansas at Monticello,Monticello,AR,USA
arkansaspb,University of Arkansas at Pine Bluff,Pine Bluff,AR,USA
arftsmi,University of Arkansas-Fort Smith,Fort Smith,AR,USA
mdbalti,University of Baltimore,Baltimore,MD,USA
bridgeport,University of Bridgeport,Bridgeport,CT,USA
california,University of California - Berkeley,Berkeley,CA,USA
ucdavis,University of California - Davis,Davis,CA,USA
ucirvine,University of California - Irvine,Irvine,CA,USA
ucla,University of California - Los Angeles,Los Angeles,CA,USA
ucriver,University of California - Riverside,Riverside,CA,USA
ucsd,University of California - San Diego,La Jolla,CA,USA
ucsb,University of California - Santa Barbara,Santa Barbara,CA,USA
carkansas,University of Central Arkansas,Conway,AR,USA
cflorida,University of Central Florida,Orlando,FL,USA
cmissouri,University of Central Missouri,Warrensburg,MO,USA
centok,University of Central Oklahoma,Edmond,OK,USA
charleswv,University of Charleston,Charleston,WV,USA
chicago,University of Chicago,Chicago,IL,USA
cincy,University of Cincinnati,Cincinnati,OH,USA
colorado,University of Colorado,Boulder,CO,USA
uconn,University of Connecticut,Storrs,CT,USA
ctconap,University of Connecticut at Avery Point,Groton,CT,USA
dayton,University of Dayton,Dayton,OH,USA
delaware,University of Delaware,Newark,DE,USA
denver,University of Denver,Denver,CO,USA
detroit,University of Detroit Mercy,Detroit,MI,USA
dubuque,University of Dubuque,Dubuque,IA,USA
evansville,University of Evansville,Evansville,IN,USA
florida,University of Florida,Gainesville,FL,USA
georgia,University of Georgia,Athens,GA,USA
hartford,University of Hartford,West Hartford,CT,USA
hawaiihilo,University of Hawaii at Hilo,Hilo,HI,USA
hawaii,University of Hawaii at Manoa,Honolulu,HI,USA
houston,University of Houston,Houston,TX,USA
idaho,University of Idaho,Moscow,ID,USA
illchicago,University of Illinois at Chicago,Chicago,IL,USA
illinois,University of Illinois at Urbana-Champaign,Champaign,IL,USA
indpolis,University of Indianapolis,Indianapolis,IN,USA
iowa,University of Iowa,Iowa City,IA,USA
kansas,University of Kansas,Lawrence,KS,USA
kentucky,University of Kentucky,Lexington,KY,USA
laverneca,University of La Verne,La Verne,CA,USA
ulala,University of Louisiana at Lafayette,Lafayette,LA,USA
ulamo,University of Louisiana at Monroe,Monroe,LA,USA
louisville,University of Louisville,Louisville,KY,USA
maine,University of Maine at Orono,Orono,ME,USA
maryhrdbay,University of Mary Hardin-Baylor,Belton,TX,USA
maryland,University of Maryland,College Park,MD,USA
umbc,University of Maryland - Baltimore County,Baltimore,MD,USA
mdmdbal,University of Maryland Baltimore,Baltimore,MD,USA
umes,University of Maryland Eastern Shore,Princess Anne,MD,USA
umass,University of Massachusetts Amherst,Amherst,MA,USA
umassdartm,University of Massachusetts Dartmouth,North Dartmouth,MA,USA
masslowell,University of Massachusetts Lowell,Lowell,MA,USA
memphis,University of Memphis,Memphis,TN,USA
miamifl,University of Miami,Coral Gables,FL,USA
michigan,University of Michigan,Ann Arbor,MI,USA
minnesota,University of Minnesota,Minneapolis,MN,USA
mnmorris,University of Minnesota - Morris,Morris,MN,USA
olemiss,University of Mississippi,Oxford,MS,USA
missouri,University of Missouri Columbia,Columbia,MO,USA
umkc,University of Missouri Kansas City,Kansas City,MO,USA
mobileal,University of Mobile,Mobile,AL,USA
montevallo,University of Montevallo,Montevallo,AL,USA
nebkearney,University of Nebraska at Kearney,Kearney,NE,USA
nebraska,University of Nebraska at Lincoln,Lincoln,NE,USA
nebomaha,University of Nebraska at Omaha,Omaha,NE,USA
unlv,University of Nevada-Las Vegas,Las Vegas,NV,USA
nevada,University of Nevada-Reno,Reno,NV,USA
newhamp,University of New Hampshire,Durham,NH,USA
newhaven,University of New Haven,West Haven,CT,USA
nmexico,University of New Mexico,Albuquerque,NM,USA
norleans,University of New Orleans,New Orleans,LA,USA
nalabama,University of North Alabama,Florence,AL,USA
uncashe,University of North Carolina at Asheville,Asheville,NC,USA
unc,University of North Carolina at Chapel Hill,Chapel Hill,NC,USA
charlotte,University of North Carolina at Charlotte,Charlotte,NC,USA
uncgreen,University of North Carolina at Greensboro,Greensboro,NC,USA
ncuncpe,University of North Carolina at Pembroke,Pembroke,NC,USA
uncwilm,University of North Carolina at Wilmington,Wilmington,NC,USA
ndunind,University of North Dakota,Grand Forks,ND,USA
nflorida,University of North Florida,Jacksonville,FL,USA
ntexas,University of North Texas,Denton,TX,USA
ncolorado,University of Northern Colorado,Greeley,CO,USA
niowa,University of Northern Iowa,Cedar Falls,IA,USA
notredame,University of Notre Dame,South Bend,IN,USA
oklahoma,University of Oklahoma,Norman,OK,USA
oregon,University of Oregon,Eugene,OR,USA
upenn,University of Pennsylvania,Philadelphia,PA,USA
pittsburgh,University of Pittsburgh,Pittsburgh,PA,USA
portland,University of Portland,Portland,OR,USA
pugetsound,University of Puget Sound,Tacoma,WA,USA
rhodeisle,University of Rhode Island,Kingston,RI,USA
richmond,University of Richmond,Richmond,VA,USA
riogrande,University of Rio Grande,Rio Grande,OH,USA
nyuroch,University of Rochester,Rochester,NY,USA
sandiego,University of San Diego,San Diego,CA,USA
sanfran,University of San Francisco,San Francisco,CA,USA
scranton,University of Scranton,Scranton,PA,USA
salabama,University of South Alabama,Mobile,AL,USA
scarolina,University of South Carolina,Columbia,SC,USA
uscaiken,University of South Carolina Aiken,Aiken,SC,USA
scupsta,University of South Carolina Upstate,Spartanburg,SC,USA
sflorida,University of South Florida,Tampa,FL,USA
usc,University of Southern California,Los Angeles,CA,USA
sindiana,University of Southern Indiana,Evansville,IN,USA
smaine,University of Southern Maine,Gorham,ME,USA
smiss,University of Southern Mississippi,Hattiesburg,MS,USA
stfrncisil,University of St. Francis,Joliet,IL,USA
stthomasmn,University of St. Thomas,St. Paul,MN,USA
tampa,University of Tampa,Tampa,FL,USA
tennessee,University of Tennessee,Knoxville,TN,USA
utchat,University of Tennessee at Chattanooga,Chattanooga,TN,USA
tntenme,University of Tennessee Health Science Center,Memphis,TN,USA
utarl,University of Texas at Arlington,Arlington,TX,USA
texas,University of Texas at Austin,Austin,TX,USA
utep,University of Texas at El Paso,El Paso,TX,USA
utpanam,University of Texas Pan American,Edinburg,TX,USA
ozarks,University of the Ozarks,Clarksville,AR,USA
pacific,University of the Pacific,Stockton,CA,USA
uofsouth,University of the South,Sewanee,TN,USA
toledo,University of Toledo,Toledo,OH,USA
tulsa,University of Tulsa,Tulsa,OK,USA
utah,University of Utah,Salt Lake City,UT,USA
vermont,University of Vermont,Burlington,VT,USA
virginia,University of Virginia,Charlottesville,VA,USA
washington,University of Washington,Seattle,WA,USA
walabama,University of West Alabama,Livingston,AL,USA
wflorida,University of West Florida,Pensacola,FL,USA
wilacrosse,University of Wisconsin at La Crosse,La Crosse,WI,USA
wisconsin,University of Wisconsin at Madison,Madison,WI,USA
wioshkosh,University of Wisconsin at Oshkosh,Oshkosh,WI,USA
wistvnspt,University of Wisconsin at Stevens Point,Stevens Point,WI,USA
wisuperior,University of Wisconsin at Superior,Superior,WI,USA
wiwhitewtr,University of Wisconsin at Whitewater,Whitewater,WI,USA
wyoming,University of Wyoming,Laramie,WY,USA
upperiowa,Upper Iowa University,Fayette,IA,USA
njupsal,Upsala College,East Orange,NJ,USA
ursinus,Ursinus College,Collegeville,PA,USA
utahst,Utah State University,Logan,UT,USA
utahvalley,Utah Valley State University,Orem,UT,USA
valdostast,Valdosta State University,Valdosta,GA,USA
flvalen,Valencia Community College,Orlando,FL,USA
valpo,Valparaiso University,Valparaiso,IN,USA
vandy,Vanderbilt University,Nashville,TN,USA
vanguardca,Vanguard University of Southern California,Costa Mesa,CA,USA
caventu,Ventura College,Ventura,CA,USA
txverno,Vernon College,Vernon,TX,USA
villanova,Villanova University,Villanova,PA,USA
invince,Vincennes University,Vincennes,IN,USA
vcu,Virginia Commonwealth University,Richmond,VA,USA
vmi,Virginia Military Institute,Lexington,VA,USA
vatech,Virginia Polytechnic Institute and State University,Blacksburg,VA,USA
virginiast,Virginia State University,Petersburg,VA,USA
viterbowi,Viterbo University,La Crosse,WI,USA
pavolan,Volant College,Volant,PA,USA
tnvolun,Volunteer State Community College,Gallatin,TN,USA
wabashin,Wabash College,Crawfordsville,IN,USA
ilwabas,Wabash Valley College,Mount Carmel,IL,USA
wagner,Wagner College,Staten Island,NY,USA
wake,Wake Forest University,Winston-Salem,NC,USA
wawalla,Walla Walla Community College,Walla Walla,WA,USA
alwsdot,Wallace State Community College (Dothan),Dothan,AL,USA
alwshan,Wallace State Community College (Hanceville),Hanceville,AL,USA
warnerpac,Warner Pacific College,Portland,OR,USA
washburn,Washburn University,Topeka,KS,USA
washjeffpa,Washington and Jefferson College,Washington,PA,USA
washleeva,Washington and Lee University,Lexington,VA,USA
washcollmd,Washington College,Chestertown,MD,USA
washcolltn,Washington College,Jonesborough,TN,USA
washst,Washington State University,Pullman,WA,USA
wshngtonmo,Washington University in St. Louis,St. Louis,MO,USA
waynestne,Wayne State College,Wayne,NE,USA
waynest,Wayne State University,Detroit,MI,USA
waynesburg,Waynesburg College,Waynesburg,PA,USA
txweath,Weatherford College,Weatherford,TX,USA
ncweave,Weaver College,Weaverville,NC,USA
weberst,Weber State College,Ogden,UT,USA
wawenat,Wenatchee Valley College,Wenatchee,WA,USA
txwesle,Wesley College,Greenville,TX,USA
wesleyanct,Wesleyan University,Middletown,CT,USA
wchester,West Chester University of Pennsylvania,West Chester,PA,USA
cawhjco,West Hills College,Coalinga,CA,USA
kywkycc,West Kentucky Community and Technical College,Paducah,KY,USA
wlibertyst,West Liberty State College,West Liberty,WV,USA
cawlajc,West Los Angeles College,Culver City,CA,USA
txwestt,West Texas A&M University,Canyon,TX,USA
cawvjco,West Valley College,Saratoga,CA,USA
wvstate,West Virginia State University,Institute,WV,USA
wvirginia,West Virginia University,Morgantown,WV,USA
wvwesleyan,West Virginia Wesleyan College,Buckhannon,WV,USA
mewestb,Westbrook College,Portland,ME,USA
wcarolina,Western Carolina University,Cullowhee,NC,USA
wconnst,Western Connecticut State University,Danbury,CT,USA
willinois,Western Illinois University,Macomb,IL,USA
wkentucky,Western Kentucky University,Bowling Green,KY,USA
wmichigan,Western Michigan University,Kalamazoo,MI,USA
neweste,Western Nebraska Community College,Scottsbluff,NE,USA
okweste,Western Oklahoma State College,Altus,OK,USA
orweste,Western Oregon University,Monmouth,OR,USA
wwashngton,Western Washington University,Bellingham,WA,USA
wminstermo,Westminster College,Fulton,MO,USA
wminsterpa,Westminster College,New Wilmington,PA,USA
westmontca,Westmont College,Santa Barbara,CA,USA
txwhart,Wharton County Junior College,Wharton,TX,USA
wheatonma,Wheaton College,Wheaton,MA,USA
whitmanwa,Whitman College,Walla Walla,WA,USA
whittierca,Whittier College,Whittier,CA,USA
whitwrthwa,Whitworth College,Spokane,WA,USA
wichitast,Wichita State University,Wichita,KS,USA
widenerpa,Widener University,Chester,PA,USA
wilbrforce,Wilberforce University,Wilberforce,OH,USA
ilwrigh,Wilbur Wright College,Chicago,IL,USA
wileytx,Wiley College,Marshall,TX,USA
wilkespa,Wilkes University,Wilkes-Barre,PA,USA
willamette,Willamette University,Salem,OR,USA
wlmcarey,William Carey College,Hattiesburg,MS,USA
wlmjewell,William Jewell College,Liberty,MO,USA
wpaterson,William Paterson University,Wayne,NJ,USA
wlmpennia,William Penn University,Oskaloosa,IA,USA
ilharpe,William Rainey Harper College,Palatine,IL,USA
williamsma,Williams College,Williamstown,MA,USA
wingate,Wingate University,Wingate,NC,USA
winstsalst,Winston-Salem State University,Winston-Salem,NC,USA
winthrop,Winthrop University,Rock Hill,SC,USA
wittnbrgoh,Wittenberg University,Springfield,OH,USA
wofford,Wofford College,Spartanburg,SC,USA
wrightst,Wright State University,Dayton,OH,USA
xavier,Xavier University,Cincinnati,OH,USA
wayakim,Yakima Valley Community College,Yakima,WA,USA
yale,Yale University,New Haven,CT,USA
azyavap,Yavapai College,Prescott,AZ,USA
youngst,Youngstown State University,Youngstown,OH,USA
